"#","Weight Class (kg)","World Record (kg)","Sinclair Coefficient","Sinclair Total","Rank"
"1","56","305","1.558521584","475.349083","3"
"2","62","326","1.441035030","469.7773733","7"
"3","69","357","1.338020780","477.6734183","1"
"4","77","378","1.250896723","474.0408833","4"
"5","85","395*","1.186208968","468.5525422","8"
"6","94","417*","1.132098286","472.0849853","5"
"7","105","440*","1.084720914","477.2772023","2"
"8","+105","472","1.000000000","472.0000000","6"
