"decimal places","degrees","N/S or E/W at equator","E/W at 23N/S","E/W at 45N/S","E/W at 67N/S"
"0","1.0","111.32km","102.47km","78.71km","43.496km"
"1","0.1","11.132km","10.247km","7.871km","4.3496km"
"2","0.01","1.1132km","1.0247km",".7871km",".43496km"
"3","0.001","111.32m","102.47m","78.71m","43.496m"
"4","0.0001","11.132m","10.247m","7.871m","4.3496m"
"5","0.00001","1.1132m","1.0247m",".7871m",".43496m"
"6","0.000001","111.32mm","102.47mm","78.71mm","43.496mm"
"7","0.0000001","11.132mm","10.247mm","7.871mm","4.3496mm"
"8","0.00000001","1.1132mm","1.0247mm",".7871mm",".43496mm"
