"Watershed","1st","2nd","3rd","4th","5th"
"George's Creek","55.8775","15.08063","12.91313","0","0"
"Potomac River Upper North Branch","90.67313","22.13625","7.47625","33.07813","0"
"Savage River","96.27","21.82875","16.80875","4.98","0"
"Chesapeake Bay","242.8206","59.04563","37.19813","38.05813","0"
"Casselman","60.95938","22.23813","13.105","0","0"
"Deep Creek Lake","24.4425","2.94125","1.70625","0","0"
"Youghiogheny River","166.7556","52.50938","30.00625","7.078125","19.84125"
"Ohio River","252.1575","77.68875","44.8175","7.078125","19.84125"
"Grand Total","494.9781","136.7344","82.01563","45.13625","19.84125"
