"Pattern","Probability","#"
"9-2-1-1","0.00018","12"
"9-3-1-0","0.00010","24"
"9-2-2-0","0.000082","12"
"7-6-0-0","0.000056","12"
"8-5-0-0","0.000031","12"
"10-2-1-0","0.000011","24"
"9-4-0-0","0.000010","12"
"10-1-1-1","0.000004","4"
"10-3-0-0","0.0000015","12"
"11-1-1-0","0.0000002","12"
"11-2-0-0","0.0000001","12"
"12-1-0-0","0.000000003","12"
"13-0-0-0","0.000000000006","4"
