"Composition","a(nm)","ρ(g/cm 3 )","N B","N y","N Mo/Pt"
"YB 66","2.3440","2.52","1610","24.4","–"
"YB 61.754","2.3445","2.5687","1628","26.4","–"
"YB 62","2.34364","2.5662","1624","26.2","–"
"YB 56","2.34600","2.5927","1626","29.0","–"
"YMo 0.20 B 62.4","2.34258","2.64","1628","26.1","5.3"
"YPt 0.091 B 63.5","2.34300","2.6344","1634","25.7","2.4"
"YPt 0.096 B 63.3","2.34223","2.6355","1630","25.7","2.5"
"YPt 0.14 B 62.0","2.34055","2.6762","1629","26.3","3.7"
