"k","Analysis lowpass filter (1/2 a dual )","Analysis highpass filter (b dual )","Synthesis lowpass filter (a prim )","Synthesis highpass filter (1/2 b prim )"
"-4","0.026748757411","0","0","0.026748757411"
"-3","-0.016864118443","0.091271763114","-0.091271763114","0.016864118443"
"-2","-0.078223266529","-0.057543526229","-0.057543526229","-0.078223266529"
"-1","0.266864118443","-0.591271763114","0.591271763114","-0.266864118443"
"0","0.602949018236","1.11508705","1.11508705","0.602949018236"
"1","0.266864118443","-0.591271763114","0.591271763114","-0.266864118443"
"2","-0.078223266529","-0.057543526229","-0.057543526229","-0.078223266529"
"3","-0.016864118443","0.091271763114","-0.091271763114","0.016864118443"
"4","0.026748757411","0","0","0.026748757411"
