"Actual Exponent (unbiased)","Exp (biased)","Minimum","Maximum","Gap"
"0","127","1","1.999999880791","1.19209289551e−7"
"1","128","2","3.99999976158","2.38418579102e−7"
"2","129","4","7.99999952316","4.76837158203e−7"
"10","137","1024","2047.99987793","1.220703125e−4"
"11","138","2048","4095.99975586","2.44140625e−4"
"23","150","8388608","16777215","1"
"24","151","16777216","33554430","2"
"127","254","1.7014e38","3.4028e38","2.02824096037e31"
