"#","Weight Class (kg)","World Record (kg)","Sinclair Coefficient","Sinclair Total","Rank"
"1","48","217","1.527286404","331.421150","3"
"2","53","230","1.405834156","323.341856","6"
"3","58","251","1.313997403","329.813348","4"
"4","63","257","1.243171779","319.495147","7"
"5","69","286","1.178167275","336.955841","1"
"6","75","296","1.129083982","334.208859","2"
"7","+75","328","1.000000000","328.0000000","5"
