"Actual Exponent (unbiased)","Exp (biased)","Minimum","Maximum","Gap"
"0","1023","1","1.9999999999999997","2.2204460492503130808472633e−16"
"1","1024","2","3.9999999999999995","8.8817841970012523233890533447266e−16"
"2","1025","4","7.9999999999999990","3.5527136788005009293556213378906e−15"
"10","1033","1024","2047.9999999999997","2.27373675443232059478759765625e−13"
"11","1034","2048","4095.9999999999995","4.5474735088646411895751953125e−13"
"52","1075","4503599627370496","9007199254740991","1"
"53","1076","9007199254740992","18014398509481982","2"
"1023","2046","8.9884656743115800e307","1.7976931348623157e308","1.9958403095347198116563727130368e292"
