"Vertices","Expected size","Approximative expected size"
"2","1 / 2","0.5"
"3","3 / 4","0.75"
"4","31 / 35","0.8857143"
"5","893 / 924","0.9664502"
"6","278 / 273","1.0183151"
"7","30739 / 29172","1.053716"
"8","199462271 / 184848378","1.0790588"
"9","126510063932 / 115228853025","1.0979027"
