"n","term","x = partial sum","Ax"
"0","1","1","0.79166667"
"1","−0.33333333","0.66666667","0.78333333"
"2","0.2","0.86666667","0.78630952"
"3","−0.14285714","0.72380952","0.78492063"
"4","0.11111111","0.83492063","0.78567821"
"5","−9.0909091×10 −2","0.74401154","0.78522034"
"6","7.6923077×10 −2","0.82093462","0.78551795"
"7","-6.6666667×10 −2","0.75426795","--"
"8","5.8823529×10 −2","0.81309148","--"
