"AWG","DIA-IN","NiCrA","NiCrC"
"10",".102","0.06248","0.06488"
"12",".081","0.09907","0.1029"
"22",".0253","1.015","1.055"
"32",".0080","10.16","10.55"
"40",".0031","67.64","70.24"
