"Pattern","Probability","#"
"5-5-3-0","0.0090","12"
"6-5-1-1","0.0071","12"
"6-5-2-0","0.0065","24"
"7-2-2-2","0.0051","4"
"7-4-1-1","0.0039","12"
"7-4-2-0","0.0036","24"
"7-3-3-0","0.0027","12"
"8-2-2-1","0.0019","12"
"8-3-1-1","0.0012","12"
"7-5-1-0","0.0011","24"
"8-3-2-0","0.0011","24"
"6-6-1-0","0.00072","12"
"8-4-1-0","0.00045","24"
