"Element","Kα (weight average)","Kα2 (strong)","Kα1 (very strong)","Kβ (weak)"
"Cr","0.229100","0.229361","0.228970","0.208487"
"Fe","0.193736","0.193998","0.193604","0.175661"
"Co","0.179026","0.179285","0.178897","0.162079"
"Cu","0.154184","0.154439","0.154056","0.139222"
"Mo","0.071073","0.071359","0.070930","0.063229"
