"Gas","A_0","a","B_0","b","c"
"Air","131.8441","0.01931","0.04611","-0.001101","4.34×10^4"
"Argon,Ar","130.7802","0.02328","0.03931","0.0","5.99×10^4"
"Carbon Dioxide, Co_2","507.2836","0.07132","0.10476","0.07235","6.60×10^5"
"Helium,He","2.1886","0.05984","0.01400","0.0","40"
"Hydrogen,H_2","20.0117","-0.00506","0.02096","-0.04359","504"
"Nitrogen,N_2","136.2315","0.02617","0.05046","-0.00691","4.20×10^4"
"Oxygen,O_2","151.0857","0.02562","0.04624","0.004208","4.80×10^4"
