"n","x = iterated value","Ax"
"0","1","1.4285714"
"1","1.5","1.4141414"
"2","1.4166667","1.4142136"
"3","1.4142157","--"
"4","1.4142136","--"
