"Type of service","2006","2007","2008","Change 06-07","Change 07-08"
"Urban  buses","54,587,865","57,916,228","60,394,737","0.061","0.042"
"Regional buses","28,800,485","29,805,811","30,920,784","0.035","0.037000000000000005"
"Trains","28,631,288","32,826,857","36,136,241","0.147","0.10099999999999999"
"Trains within Skåne","21,118,000","23,331,000","25,600,000","0.105","0.09699999999999999"
"Trains to/from Denmark","7,513,288","9,495,857","10,536,241","0.264","0.11"
