"Source","Chrome","Internet Explorer","Firefox","Safari","Opera","Other"
"StatCounter","0.4268","0.2544","0.20010000000000003","0.0839","0.0103","0.024399999999999998"
"Clicky","0.3892","0.2908","0.2122","0.0928","0.011699999999999999","0.0032"
"W3Counter","0.326","0.217","0.195","0.154","0.022000000000000002","0.086"
"NetApplications","0.16","0.5760000000000001","0.1888","0.0559","0.015300000000000001","0.0040999999999999995"
"Wikimedia","0.46020000000000005","0.2047","0.1771","0.031","0.0545","0.0725"
