"Region","Total Population","Catholic","% Catholic","% of global Catholic pop."
"Central Africa","83121055","37353218","0.4493","0.0347"
"East Africa","193741900","34872130","0.17989999999999998","0.032400000000000005"
"North Africa","202151323","2369490","0.011699999999999999","0.0022"
"Southern Africa","137092019","24463640","0.1784","0.0227"
"West Africa","268997245","36152847","0.1343","0.0336"
