"Magnet","B r (T)","H ci (kA/m)","(BH) max (kJ/m 3 )","T c (°C)"
"Nd 2 Fe 14 B","-0.3999999999999999","750-2000","200-440","310-400"
"Nd 2 Fe 14 B","-0.09999999999999998","600-1200","60-100","310-400"
"SmCo 5","-0.30000000000000004","600-2000","120-200","720"
"Sm 7","-0.2499999999999999","450-1300","150-240","800"
"Alnico","-0.7999999999999999","275","10-88","700-860"
