"Religion","Suriname","Paramaribo","Wanica","Nickerie","Coronie","Saramacca","Commewijne","Marowijne","Para","Brokopondo","Sipaliwini"
"Christian","0.40700000000000003","0.479","0.297","0.20600000000000002","0.75","0.235","0.22","0.5870000000000001","0.565","0.524","0.35200000000000004"
"Hindu","0.19899999999999998","0.138","0.39899999999999997","0.43200000000000005","0.022000000000000002","0.446","0.245","0.009000000000000001","0.049","0.004","0.003"
"Islam","0.135","0.094","0.217","0.225","0.11","0.188","0.40399999999999997","0.068","0.113","0.002","0.001"
"Tribal + Other","0.057999999999999996","0.038","0.034","0.006999999999999999","0.016","0.03","0.042","0.115","0.068","0.168","0.268"
"","0.044000000000000004","0.039","0.027000000000000003","0.006","0.018000000000000002","0.013999999999999999","0.015","0.047","0.081","0.11800000000000001","0.14800000000000002"
"Not Known","0.157","0.21100000000000002","0.026000000000000002","0.124","0.084","0.086","0.073","0.174","0.125","0.185","0.22899999999999998"
