"Favorite professional sport","2005","2008","2011","2012"
"Baseball","0.517","0.488","0.451","0.449"
"Football","0.228","0.218","0.289","0.312"
"Golf","0.16899999999999998","0.163","0.19899999999999998","0.165"
"Sumo","0.171","0.193","0.151","0.163"
"Boxing","0.078","0.08900000000000001","0.077","0.084"
"Motor racing","0.062","0.079","0.077","0.076"
"Puroresu","0.042","0.048","0.031","0.037000000000000005"
"Others","0.08","0.06","0.057","0.042"
