"Year","xDSL","Cable","FTTx","Other"
"2007","0.777","0.10400000000000001","0.114","0.006"
"2008","0.782","0.062","0.155","0.001"
"2009","0.7120000000000001","0.044000000000000004","0.24100000000000002","0.004"
"2010","0.612","0.027999999999999997","0.354","0.006"
"2011","0.5539999999999999","0.046","0.397","0.003"
"2012","0.48700000000000004","0.055999999999999994","0.45399999999999996","0.003"
"Q2 2013","0.47100000000000003","0.055999999999999994","0.46799999999999997","0.005"
