"Rank","Rider","Sat 21 Aug","Mon 23 Aug","Tues 24 Aug (mph)","Wed 25 Aug","Thurs 26 Aug","Fri 27 Aug (mph)","Sat 28 Aug"
"1","Andy Fenton 600cc Yamaha","Untimed Practice","21' 58.61 103.009mph","123795.14751999998","19' 59.98 113.192mph","19' 50.53 114.090mph","91511.23938","-- No Time"
"2","James Coward 600cc Yamaha","Untimed Practice","23' 22.43 96.852mph","101025.38699999999","20' 41.21 109.432mph","20' 08.79 112.367mph","101559.4707","22' 43.36 99.627mph"
"3","Shaun Anderson 750cc Suzuki","Untimed Practice","24' 24.44 92.751mph","104126.8666","20' 28.34 110.579mph","20' 06.39 112.591mph","109825.35021","22' 45.53 99.469mph"
"4","Tim Venables 600cc Honda","Untimed Practice","-- No Time","107534.9428","20' 11.23 112.141mph","20' 05.19 112.703mph","113182.64622","23' 32.62 96.153mph"
"5","Jon Kennaugh 750cc Suzuki","Untimed Practice","23' 48.49 95.085mph","15400.79352","20' 30.93 110.346mph","20' 36.14 109.881mph","6549.186","23' 41.65 95.542mph"
"6","Sebastian Buch 600cc Yamaha","Untimed Practice","24' 09.96 93.677mph","127078.73099999999","20' 30.47 110.388mph","20' 17.58 111.556mph","11249.6556","24' 11.51 93.577mph"
"7","Tommaso Totti 600cc Yamaha","Untimed Practice","24' 38.87 91.846mph","19488.691199999997","21' 38.19 104.629mph","20' 47.61 108.871mph","52526.1464","-- No Time"
"8","Billy Byrne 600cc Honda","Untimed Practice","23' 02.47 98.250mph","29505.87045","20' 50.62 108.609mph","20' 53.89 108.325mph","67571.57500000001","23' 12.93 97.512mph"
"9","Robert Simcock 750cc Suzuki","Untimed Practice","24' 24.44 92.751mph","13877.094000000003","-- No Time","-- No Time","103394.34719999999","-- No Time"
