"Region","Total Population","Hindus","% of Hindus","% of Hindu total"
"Central Asia","92019166","149644","0.0016300000000000002","0.00016"
"East Asia","1527960261","130631","8.999999999999999e-05","0.00014000000000000001"
"Middle East","274775527","792872","0.0028899999999999998","0.00084"
"South Asia","1437326682","1006888651","0.7005","0.9847499999999999"
"Southeast Asia","571337070","6386614","0.01118","0.006770000000000001"
