"City","Jan. (degreeC * degreeF)","Feb. (degreeC * degreeF)","Mar. (degreeC * degreeF)","Apr. (degreeC * degreeF)","Jun. (degreeC * degreeF)","Jul. (degreeC * degreeF)","Aug. (degreeC * degreeF)","Sep. (degreeC * degreeF)","Oct. (degreeC * degreeF)","Nov. (degreeC * degreeF)","Dec. (degreeC * degreeF)"
"Hilo","3.595505617977528","3.595505617977528","3.551912568306011","3.4920634920634925","3.4","3.349514563106796","3.349514563106796","3.349514563106796","3.4","3.4536082474226806","3.551912568306011"
"Hilo","3.0268199233716473","3.0268199233716473","3.0268199233716473","3.0268199233716473","2.949640287769784","2.949640287769784","2.932862190812721","2.932862190812721","2.932862190812721","2.9779411764705883","2.9962546816479403"
"Honolulu","3.4920634920634925","3.551912568306011","3.4536082474226806","3.4","3.2432432432432434","3.1759656652360513","3.1380753138075317","3.1759656652360513","3.2017543859649122","3.2718894009216593","3.4"
"Honolulu","2.9962546816479403","2.9779411764705883","2.949640287769784","2.932862190812721","2.8431372549019605","2.8295819935691315","2.807570977917981","2.807570977917981","2.8431372549019605","2.906574394463668","2.949640287769784"
"Kahului","3.662790697674419","3.662790697674419","3.551912568306011","3.4920634920634925","3.349514563106796","3.2718894009216593","3.2718894009216593","3.3175355450236963","3.349514563106796","3.4","3.551912568306011"
"Kahului","2.9962546816479403","2.9779411764705883","2.949640287769784","2.949640287769784","2.8666666666666667","2.8431372549019605","2.8295819935691315","2.8295819935691315","2.8431372549019605","2.906574394463668","2.949640287769784"
"Lihu ʻ e","3.551912568306011","3.4920634920634925","3.4536082474226806","3.349514563106796","3.2017543859649122","3.1759656652360513","3.1759656652360513","3.1759656652360513","3.2017543859649122","3.2718894009216593","3.4"
"Lihu ʻ e","3.046875","2.932330827067669","2.932330827067669","3.0268199233716473","2.932862190812721","2.906574394463668","2.8911564625850343","2.8911564625850343","2.906574394463668","2.9779411764705883","3.0268199233716473"
