"Location","July (째C) (degreeC)","July (째F)","January (째C)","January (째F)"
"St. John's","1.8181818181818181","1.3076923076923077","-1/-9","1.875"
"Gander","1.9090909090909092","1.392156862745098","-3/-12","2.3636363636363638"
"Corner Brook","1.6923076923076923","1.290909090909091","-3/-10","1.8666666666666667"
"Stephenville","1.5333333333333334","1.271186440677966","-1/-8","1.7647058823529411"
"Happy Valley - Goose Bay","2.0","1.3877551020408163","-13/-23","-1.0"
