"Religion","Persons","%persons","Males","%males","Females","%females"
"Hindus","34726129","0.9434999999999999","17615951","0.9440000000000001","17110178","0.943"
"Christians","897861","0.024399999999999998","443245","0.023799999999999998","454616","0.025099999999999997"
"Muslims","761985","0.0207","391234","0.021","370751","0.0204"
"Sikhs","17492","0.0005","9448","0.0005","8044","0.0004"
"Buddhists","9863","0.0003","5180","0.0003","4683","0.0003"
"Jains","9154","0.0002","4736","0.0003","4418","0.0002"
"Others","361981","0.0098","180156","0.0097","181825","0.01"
"Religion not stated","20195","0.0005","10620","0.0006","9575","0.0005"
