"Party","Votes (Gib.)","Votes (SW Eng)","% (Gib.)","% (SW Eng)","Change (SW Eng)","Seats"
"Conservative","8,297","457,371","0.6951999999999999","0.316","-10.1","3"
"Labour","1,127","209,908","0.0944","0.145","-3.6","1"
"Green","1,058","103,821","0.087","0.07200000000000001","-1.1","0"
"Liberal Democrat","905","265,619","0.0758","0.183","1.9","1"
"UKIP","140","326,784","0.011699999999999999","0.226","11.9","2"
"BNP","105","43,653","0.0088","0.03","2.1","0"
"Countryside Party","88","30,824","0.0074","0.021","2.1","0"
"Respect","20","10,473","0.0017000000000000001","0.006999999999999999","0.7","0"
