"1973 Democratic run-off primary","Manhattan","The Bronx","Brooklyn","Queens","Richmond [Staten Is.]","Total"
"Abraham Beame","779.28","974.15","2018.66","1534.15","179.99","548,623"
"Abraham Beame","0.0040999999999999995","0.0053","0.0068000000000000005","0.0073","0.0078000000000000005","548,623"
"Herman Badillo","1124.82","864.82","931.4","576.58","48.19","354,581"
"Herman Badillo","0.0059","0.004699999999999999","0.0032","0.0027","0.0021","354,581"
"T O T A L","1904.1","1838.97","2950.06","2110.73","228.18","903,204"
