"Fraction","Ellipsis","Vinculum","Dots (pixel)","Parentheses"
"0.1111111111111111","0.111","0.0","0.0","0.0"
"0.3333333333333333","0.333","0.0","0.0","0.0"
"0.6666666666666666","0.666","0.0","0.0","0.0"
"0.8181818181818182","0.8181","0.0","0.0","0.0"
"0.5833333333333334","0.58333","1.7399999999999998","0.58","0.58"
"0.012345679012345678","0.012345679","0.0","0.0","0.0"
"3.142857142857143","3.142857142857","428571.0","3.0","3.0"
