"Rank","Strike rate","Player","Innings","Balls Faced","Runs","Period"
"1","0.9689","Adam Gilchrist","278","9902","9595","1996-2008"
"2","0.9612","Mitchell Johnson","64","749","720","2005 -"
"3","0.9540000000000001","Shane Lee","35","500","477","1995-2001"
"4","0.9370999999999999","James Hopes","61","1415","1326","2005 - 2010"
"5","0.9244","Andrew Symonds","161","5504","5088","1998-2009"
"6","0.9167000000000001","David Hussey","57","1885","1728","2008 -"
"7","0.8826999999999999","Shane Watson","134","5169","4563","2002 -"
"8","0.8815999999999999","Ian Harvey","51","811","715","1997-2004"
"9","0.8751000000000001","Brad Hodge","21","657","575","2005 - 2007"
