"Year","League","Position","Goals +/-","Points"
"1992","I","2","9.0","10"
"0.989247311827957","I","4","33.0","32"
"0.9893617021276596","I","6","23.0","24"
"0.9894736842105263","I","5","-9.0","18"
"0.9895833333333334","I","7","-4.0","17"
"0.9896907216494846","I","7","-10.0","13"
"0.9897959183673469","I","7","-12.0","11"
"1998","I","7","-34.0","6"
"1999","I","8","-69.0","13"
