"Specimen weight/size (centimeter * gram)","Calculated activity ( Bq )","Calculated activity ( Ci )","Estimated activity GR(api)","Estimated exposure ( mRem )/hr*"
"113.7656427758817","183355","43.6","8449.31","2.78"
"24.509803921568626","18336","42.6","844.93","0.28"
"5.291005291005291","1834","41.6","84.49","0.03"
"0.11376564277588169","183","40.6","8.45","0.0"
"0.024509803921568627","18","39.6","0.84","0.0"
"0.005291005291005292","2","38.6","0.08","0.0"
