"Rank","Club","Season","Points","Apps"
"1","Real Madrid","167.58333333333334","100","38"
"1","Barcelona","154.76923076923077","100","38"
"3","Barcelona","200.9","99","38"
"4","Real Madrid","200.9","96","38"
"4","Barcelona","182.72727272727272","96","38"
"6","Real Madrid","182.72727272727272","92","38"
"7","Real Madrid","20.577319587628867","92","42"
"8","Barcelona","167.58333333333334","91","38"
"9","Barcelona","20.577319587628867","90","42"
