"Salary range","Indians","Pakistanis","Nepalese","Working force of HK"
"<4000","0.11900000000000001","0.028999999999999998","0.073","0.10400000000000001"
"4,000-9,000","0.247","0.514","0.41100000000000003","0.32799999999999996"
"10,000-14,999","0.156","0.278","0.371","0.23"
"15,000-19,999","0.098","0.064","0.11","0.115"
"20,000-24,999","0.08199999999999999","0.045","0.022000000000000002","0.078"
"25,000-29,999","0.042","0.013000000000000001","0.008","0.034"
