"Class to 1928","Class from 1928","Seats","Quantity","Year(s) of Manufacture"
"Di-26","Cid-26","66","77","68.82142857142857"
"Di-27","Cid-27; Ciu-27/28","66","440","68.82142857142857"
"BCi-28","BCi-28","0.4411764705882353","449","66.48275862068965"
"Ci-28","Ci-28","58","1744","66.48275862068965"
"CDi-28","CCid-28; CCiu-28","1.0","40","1928"
"Bi-29","Bi-29","38","1632","64.3"
"BCi-29","BCi-29","0.4411764705882353","500","64.3"
"Ci-29","Ci-29","58","450","64.3"
"Ci-30","Ci-30","58","194","64.3"
