"County","Obama%","Obama#","McCain%","McCain#","Others%","Others#","Total"
"Fairfield","0.5872999999999999","242936","0.40549999999999997","167736","0.0070999999999999995","2955","413627"
"Hartford","0.6518","268721","0.3371","138984","0.0111","4593","412298"
"Litchfield","0.5163","51041","0.4671","46173","0.0166","1643","98857"
"Middlesex","0.6078","52983","0.3776","32918","0.0146","1276","87177"
"New Haven","0.611","233589","0.3784","144650","0.0106","4072","382311"
"New London","0.5992000000000001","74776","0.3886","48491","0.0123","1529","124796"
"Tolland","0.597","45053","0.38780000000000003","29266","0.0152","1148","75467"
