"Companion (in order from star)","Mass","Semimajor axis ( AU )","Orbital period ( s day )","Eccentricity","Inclination"
"b","≥ 4.0 +0.8 -0.7 M⊕","0.046700000000000005","4.3122","0.21999999999999997",""
"c","≥ 6.6 +1.1 -1.0 M⊕","0.0003196","9.618500000000001","0.009999999999999995",""
"d","≥ 9.5 +1.7 -1.5 M⊕","0.1323","20.429999999999996","0.10999999999999999",""
"e","≥ 3.5 ± 1.4 M⊕","0.2612","34.629999999999995","0.13000000000000003",""
"f","≥ 5.2 +1.5 -1.6 M⊕","0.244","51.8","0.2",""
"g","≥ 7.1 ± 2.6 M⊕","0.601","201.10000000000002","0.31",""
