"Year","GP/GS","Shots","Goals","Assists","Points"
"2003","1.3571428571428572","37","9","3","21"
"2004","1.105263157894737","54","13","6","32"
"2005","1.0","42","7","2","16"
"2006","1.0","51","10","3","23"
"Totals","1.0985915492957747","184","39","14","92"
