"County","Kerry%","Kerry#","Bush%","Bush#","Others%","Others#","2000 result"
"Hartford","0.5870000000000001","229902","0.395","154919","0.018000000000000002","6987","-1.5"
"Middlesex","0.563","47292","0.42","35252","0.017","1440","1.4"
"New London","0.5579999999999999","66062","0.42200000000000004","49931","0.02","2367","0.4"
"Tolland","0.546","39146","0.436","31245","0.019","1338","1.6"
"New Haven","0.5429999999999999","199060","0.43799999999999994","160390","0.019","6942","-3.7"
"Windham","0.521","25477","0.457","22324","0.022000000000000002","1060","2.5"
"Fairfield","0.514","205902","0.473","189605","0.013999999999999999","5460","-0.9"
