"Model Type","Model Designation","Engine","Wheelbase (mm/inch)","GVW (kg/ton)","Axle Ratio"
"CF220","97100","1979 cc  gasoline","25.39622641509434","1015.9090909090909","9/37"
"CF220","97F00","2260 cc  diesel","25.39622641509434","1015.9090909090909","9/37"
"CF250","97300","1979 cc  gasoline","25.39622641509434","1016.260162601626","9/37"
"CF250","97G00","2260 cc  diesel","25.39622641509434","1016.260162601626","9/37"
"CF280","97500","1979 cc  gasoline","25.396825396825395","1017.2661870503598","11/49"
"CF280","97H00","2260 cc  diesel","25.396825396825395","1017.2661870503598","11/49"
"CF350","97700","1979 cc  gasoline","25.396825396825395","1016.566265060241","11/49"
