"Rank","Rider","Sat 21 Aug","Mon 23 Aug","Tues 24 Aug (mph)","Wed 25 Aug","Thurs 26 Aug (mph)","Fri 27 Aug (mph)","Sat 29 Aug"
"1","Michael Sweeney 600cc Yamaha","Untimed Practice","26' 57.82 89.957mph","65506.14553","19' 17.77 104.021mph","2081.01148","117265.08491999998","-- No Time"
"2","Simon Fulton 599cc Yamaha","Untimed Practice","23' 31.88 96.203mph","44123.5347","19' 13.11 117.793mph","7516.476000000001","127154.529","-- No Time"
"3","Wayne Kirwan 600cc Yamaha","Untimed Practice","22' 38.60 99.977mph","84207.54894","19' 29.39 116.153mph","15571.044919999998","19077.64977","-- No Time"
"4","Dan Sayle 600cc Yamaha","Untimed Practice","23' 08.44 97.828mph","8350.307999999999","-- No Time","20610.3716","54708.54642","21' 40.20 104.467mph"
"5","David Lumsden 600cc Yamaha","Untimed Practice","24' 38.98 91.839mph","63258.99880000001","20' 09.25 112.324mph","43795.380000000005","34976.71962","-- No Time"
"6","Andrew Brady 599cc Honda","Untimed Practice","-- No Time","68690.21280000001","20' 38.38 109.682mph","47661.74985","80383.8586","-- No Time"
"7","Jules Croft 600c Honda","Untimed Practice","25' 45.94 87.961mph","7607.640200000001","20' 10.73 112.187mph","112954.46343999999","63095.302220000005","-- No Time"
"8","Philip McGurk 600cc Honda","Untimed Practice","23' 43.94 95.389mph","106372.04568000001","19' 50.42 115.386mph","81063.93415","85092.68806999999","-- No Time"
"9","Andy Fenton 600cc Yamaha","Untimed Practice","21' 58.61 103.009mph","123795.14751999998","19' 59.98 113.192mph","109534.38630000001","91566.97968","-- No Time"
