"Band","Frequency (MHz)","Wavelength (meter)","Type","Power (W)"
"7","-0.020000000000000018","80","HF","400"
"7","-0.009999999999999787","80","HF","400"
"7","-0.04999999999999982","40","HF","400"
"7","-0.09999999999999964","20","HF","400"
"7","-0.09999999999999964","20","HF","400"
"7","-0.29999999999999716","15","HF","400"
