"Period","Internet Explorer","Firefox","Chrome","Safari","Opera","Other"
"2013 Q1","0.5558","0.2009","0.16760000000000003","0.053200000000000004","0.0177","0.0048"
"2012 Q4","0.5456","0.2007","0.1795","0.0526","0.0167","0.0049"
"2012 Q3","0.5352","0.19870000000000002","0.19440000000000002","0.0507","0.015700000000000002","0.0053"
"2012 Q2","0.5405","0.1998","0.1918","0.0471","0.016","0.0048"
"2012 Q1","0.5316","0.20800000000000002","0.1883","0.050300000000000004","0.0167","0.0051"
"2011 Q4","0.5232","0.221","0.1843","0.0509","0.016","0.0046"
"2011 Q3","0.5529","0.2263","0.1528","0.047400000000000005","0.0169","0.0037"
