"Country","% of all immigrants 2008","% of all immigrants 2007","% of all immigrants 2006","% of all immigrants 2005","% of all immigrants 2004"
"Algeria","0.11199999999999999","0.12","0.141","0.14","0.152"
"Cameroon","0.019","0.019","0.021","0.021","0.02"
"Côte d'Ivoire","0.015","0.016","0.018000000000000002","0.017","0.019"
"Mali","0.021","0.013000000000000001","0.013999999999999999","0.012","0.012"
"Morocco","0.111","0.095","0.094","0.10400000000000001","0.114"
"Senegal","0.017","0.018000000000000002","0.017","0.017","0.019"
