"Rating","Share","Rating/Share (18-49)","Viewers (millions)","Rank (Overall)"
"5.4","9","0.37142857142857144","9.2","#27"
"4.4","7","0.43333333333333335","7.81","#34"
"6.6","11","0.375","10.6","#18"
"6.1","10","0.3875","10.13","#28"
"5.9","10","0.3875","10.33","#26"
"7.2","11","0.4","12.42","#15"
"7.1","11","0.38","11.97","#12"
"6.2","10","0.3625","10.58","#18"
"6.1","10","","10.31","#20"
"6.0","10","","10.27","#17"
"6.8","9","0.2857142857142857","10.84","#20"
"7.6","10","","12.49","#19"
