"Model Type","Model Designation","Engine","Wheelbase (mm/inch)","GVW (kg/ton)","Axle Ratio"
"18 cwt.","97100","1759 cc  gasoline","25.39622641509434","1015.9090909090909","8/37"
"18 cwt.","97F00","2064 cc  diesel","25.39622641509434","1015.9090909090909","8/37"
"22 cwt.","97300","2279 cc  gasoline","25.39622641509434","1016.260162601626","8/37"
"22 cwt.","97G00","2064 cc  diesel","25.39622641509434","1016.260162601626","8/37"
"25 cwt.","97500","2279 cc  gasoline","25.396825396825395","1017.2661870503598","11/49"
"25 cwt.","97H00","2064 cc  diesel","25.396825396825395","1017.2661870503598","9/47"
"35 cwt.","97700","2279 cc  gasoline","25.396825396825395","1016.566265060241","9/47"
