"Rank","Name","Population ( 2011 Census )","Percent of national population","% growth (2006–11)","Land area (km²)","Population density (/km 2 )","House of Commons seats","House of Commons seats (%)","2013 population (July est.)"
"1","Ontario","12851821","0.384","0.057","908607.67","14.1","106","0.344","13537994"
"2","Quebec","7903001","0.23600000000000002","0.047","1356547.02","5.8","75","0.244","8155334"
"3","British Columbia","4400057","0.131","0.07","922509.29","4.8","36","0.11699999999999999","4581978"
"4","Alberta","3645257","0.109","0.10800000000000001","640081.87","5.7","28","0.091","4025074"
"5","Manitoba","1208268","0.036000000000000004","0.052000000000000005","552329.52","2.2","14","0.045","1265015"
