"Rank","District","Population","Growth rate","Sex ratio","Literacy","Density per Kilometer"
"27","Allahabad","1216719","0.20739999999999997","902","74.41","1087"
"26","Moradabad","4773138","0.2525","903","58.67","1284"
"22","Ghaziabad","2358525","0.41659999999999997","878","85.0","3967"
"30","Azamgarh","4616509","0.17170000000000002","1017","72.69","1139"
"11","Lucknow","2901474","0.1444","960","79.04","636"
