"","Denarius","Sestertius","Dupondius","As","Semis","Triens","Quadrans","Quincunx","Uncia"
"Denarius","1","4","5","10","20","30","40","24","120"
"Sestertius","0.25","1","2.75","10.5","5","35.5","10","6","30"
"Dupondius","0.2","0.8","1","2","4","6","8","8.8","24"
"As","0.1","0.4","0.5","1","2","3","4","4.4","12"
"Semis","0.05","0.2","0.25","0.5","1","5.5","2","2.2","6"
"Triens","0.03333333333333333","0.13333333333333333","0.16666666666666666","0.3333333333333333","0.6666666666666666","1","3.6666666666666665","0.8","4"
"Quadrans","0.025","0.1","0.125","0.25","0.5","0.75","1","0.6","3"
"Quincunx","0.041666666666666664","0.16666666666666666","0.20833333333333334","0.4166666666666667","0.8333333333333334","2.75","4.0","1","5"
