"State","GRÜNE","FRITZ","RETTÖ","LINKE","STARK"
"Burgenland","0.057","0.013000000000000001","0.005","0.001",""
"Carinthia","0.069","0.009000000000000001","0.006999999999999999","","0.001"
"Lower Austria","0.081","0.011000000000000001","0.008","",""
"Salzburg","0.11800000000000001","0.016","0.008","0.001",""
"Styria","0.085","0.013999999999999999","0.006999999999999999","",""
"Tyrol","0.111","0.087","0.006","0.001",""
"Upper Austria","0.099","0.01","0.009000000000000001","0.0",""
"Vienna","0.16","0.008","0.006","0.001",""
"Vorarlberg","0.172","0.034","0.004","",""
