"Model Type","Model Designation","Engine","Wheelbase (mm/inch)","GVW (kg/ton)","Axle Ratio"
"CF220","97100","1759 cc  gasoline","25.39622641509434","1015.9090909090909","8/37"
"CF220","97F00","1998 cc  diesel","25.39622641509434","1015.9090909090909","8/37"
"CF250","97300","2279 cc  gasoline","25.39622641509434","1016.260162601626","8/37"
"CF250","97G00","1998 cc  diesel","25.39622641509434","1016.260162601626","8/37"
"CF280","97500","2279 cc  gasoline","25.396825396825395","1017.2661870503598","11/49"
"CF280","97H00","1998 cc  diesel","25.396825396825395","1017.2661870503598","9/47"
"CF340","97700","2279 cc  gasoline","25.396825396825395","1016.566265060241","9/47"
"CF340","97K00","1998 cc  diesel","25.396825396825395","1016.566265060241","9/47"
"CF350","97700","2279 cc  gasoline","25.396825396825395","1016.566265060241","9/47"
