"County","Kerry%","Kerry#","Bush%","Bush#","Others%","Others#","2000 result"
"Hartford","0.5870000000000001","229,902","0.395","154,919","0.018000000000000002","6,987","-1.5"
"Middlesex","0.563","47,292","0.42","35,252","0.017","1,440","1.4"
"New London","0.5579999999999999","66,062","0.42200000000000004","49,931","0.02","2,367","0.4"
"Tolland","0.546","39,146","0.436","31,245","0.019","1,338","1.6"
"New Haven","0.5429999999999999","199,060","0.43799999999999994","160,390","0.019","6,942","-3.7"
"Windham","0.521","25,477","0.457","22,324","0.022000000000000002","1,060","2.5"
"Fairfield","0.514","205,902","0.473","189,605","0.013999999999999999","5,460","-0.9"
"Litchfield","0.462","44,647","0.519","50,160","0.019","1,861","-1.7"
