"Religion","Scheduled Caste","Scheduled Tribe","Other Backward Class","Forward caste"
"Buddhism","0.895","0.07400000000000001","0.004","0.027000000000000003"
"Sikhism","0.307","0.009000000000000001","0.22399999999999998","0.461"
"Hinduism","0.222","0.091","0.428","0.26"
"Christianity","0.09","0.32799999999999996","0.248","0.33299999999999996"
"Islam","0.008","0.005","0.392","0.595"
