"Party","Week 32","Week 33","Week 34","Week 35","Week 36","Week 37"
"Labour","0.327","0.319","0.321","0.33","0.32","0.33399999999999996"
"Progress","0.262","0.264","0.265","0.237","0.237","0.23"
"Conservative","0.132","0.14300000000000002","0.136","0.14800000000000002","0.149","0.161"
"Socialist Left","0.07200000000000001","0.071","0.073","0.085","0.075","0.07"
"Christian Democratic","0.064","0.061","0.06","0.059000000000000004","0.065","0.067"
"Centre","0.065","0.059000000000000004","0.057999999999999996","0.057999999999999996","0.065","0.057999999999999996"
"Liberal","0.049","0.052000000000000005","0.057","0.049","0.055999999999999994","0.052000000000000005"
