"[A] (mol/L)","[H 3 PO 4 ]/[A] (%)","[H 2 PO 4 − ]/[A] (%)","[HPO 4 2− ]/[A] (%)","[PO 4 3− ]/[A] (%)"
"1","91.7","8.29","56.0","-1.0"
"10 -1","76.1","23.9","57.0","39.5"
"10 -2","43.1","56.9","58.0","9.3"
"10 -3","10.6","89.3","59.0","2.8000000000000007"
"10 -4","1.3","98.6","59.900000000000006","3.4000000000000004"
"10 -5","0.133","99.3","0.612","5.0"
"10 -6","11.4","94.5","5.5","5.100000000000001"
"10 -7","15.0","74.5","25.5","25.2"
"10 -10","78.4","61.7","38.3","76.8"
