"joule","watt hour","kilowatt hour","electronvolt","calorie"
"1","23.7778","20.7778","1123.3799999999999","0.239"
"3600","1","0.001","494.34","859.8"
"216.0","1000","1","561.75","429.90000000000003"
"-2.9800000000000004","21.5","18.5","1","18.269999999999996"
"4.1868","8.63","5.630000000000001","496.46999999999997","1"
