"Party","January 2010","February 2010","March 2010","April 2010","May 2010","June 2010"
"Direction - Social Democracy","0.414","0.386","0.384","0.368","0.353","0.295"
"Slovak National Party","0.062","0.062","0.063","0.086","0.061","0.077"
"Freedom and Solidarity","0.051","0.096","0.086","0.115","0.133","0.124"
"Christian Democratic Movement","0.09","0.096","0.09699999999999999","0.086","0.083","0.092"
"Most-Híd","0.052000000000000005","0.055999999999999994","0.069","0.051","0.055999999999999994","0.065"
